line,awing,english,difficulty,char_len,flags
3381,atúəsê,"bag containing a dead close relation\'s (father, mother, grand mother, grand father etc) hair, worshipped periodically for appeasement",3,134,long_18w
13985,achíbə,"food, drinks or anything given to somebody in difficulties to console the dead. Done especially during death celebrations",3,121,long_18w
5157,atúəsê,"hair of a dead close relation (father, mother, grand mother, grand father etc) worshipped periodically for appeasement",3,118,long_17w
18806,alələ̌\'ə̌,"resting day, mostly used for making ceremonies (birth days, visits to neighbours and family members, prepare food etc)",3,118,long_18w
19163,alələ̌\'ə̌,"resting day, mostly used for making ceremonies (birth days, visits to neighbours and family members, prepare food etc)",3,118,long_18w
19535,alələ̌\'ə̌,"resting day, mostly used for making ceremonies (birth days, visits to neighbours and family members, prepare food etc)",3,118,long_18w
19917,alələ̌\'ə̌,"resting day, mostly used for making ceremonies (birth days, visits to neighbours and family members, prepare food etc)",3,118,long_18w
20296,alələ̌\'ə̌,"resting day, mostly used for making ceremonies (birth days, visits to neighbours and family members, prepare food etc)",3,118,long_18w
20736,alələ̌\'ə̌,"resting day, mostly used for making ceremonies (birth days, visits to neighbours and family members, prepare food etc)",3,118,long_18w
21145,alələ̌\'ə̌,"resting day, mostly used for making ceremonies (birth days, visits to neighbours and family members, prepare food etc)",3,118,long_18w
21616,alələ̌\'ə̌,"resting day, mostly used for making ceremonies (birth days, visits to neighbours and family members, prepare food etc)",3,118,long_18w
22061,alələ̌\'ə̌,"resting day, mostly used for making ceremonies (birth days, visits to neighbours and family members, prepare food etc)",3,118,long_18w
22514,alələ̌\'ə̌,"resting day, mostly used for making ceremonies (birth days, visits to neighbours and family members, prepare food etc)",3,118,long_18w
22992,alələ̌\'ə̌,"resting day, mostly used for making ceremonies (birth days, visits to neighbours and family members, prepare food etc)",3,118,long_18w
23430,alələ̌\'ə̌,"resting day, mostly used for making ceremonies (birth days, visits to neighbours and family members, prepare food etc)",3,118,long_18w
23919,alələ̌\'ə̌,"resting day, mostly used for making ceremonies (birth days, visits to neighbours and family members, prepare food etc)",3,118,long_18w
24416,alələ̌\'ə̌,"resting day, mostly used for making ceremonies (birth days, visits to neighbours and family members, prepare food etc)",3,118,long_18w
24893,alələ̌\'ə̌,"resting day, mostly used for making ceremonies (birth days, visits to neighbours and family members, prepare food etc)",3,118,long_18w
25337,alələ̌\'ə̌,"resting day, mostly used for making ceremonies (birth days, visits to neighbours and family members, prepare food etc)",3,118,long_18w
25788,alələ̌\'ə̌,"resting day, mostly used for making ceremonies (birth days, visits to neighbours and family members, prepare food etc)",3,118,long_18w
26282,alələ̌\'ə̌,"resting day, mostly used for making ceremonies (birth days, visits to neighbours and family members, prepare food etc)",3,118,long_18w
26774,alələ̌\'ə̌,"resting day, mostly used for making ceremonies (birth days, visits to neighbours and family members, prepare food etc)",3,118,long_18w
27275,alələ̌\'ə̌,"resting day, mostly used for making ceremonies (birth days, visits to neighbours and family members, prepare food etc)",3,118,long_18w
3781,atsə\'kə,"criticism, the act of deminishing the value of something, the act of making something appear less important",3,107,long_17w
27516,kəəkə,Run (referring to many things or people running); during wars some people run and abandon their children,3,104,long_17w
2393,təwélakámə,"A sharp flute used for rallying people for emergenncies (example war, serious development projects etc)",3,103,long_15w
27430,əwaglápənêmə,a boundary stick which its leaves are used for making a public announcement; a Baminyam boundary stick,3,102,long_17w
13984,achí yə əshí\'nə,"good sign, happening when blood twitches somebody\'s eye in a particular spot depending on the person",3,101,long_16w
14064,achí yə əshí\'nə,"good sign, happening when blood twitches somebody\'s eye in a particular spot depending on the person",3,101,long_16w
14169,achí yə əshí\'nə,"good sign, happening when blood twitches somebody\'s eye in a particular spot depending on the person",3,101,long_16w
14297,achí yə əshí\'nə,"good sign, happening when blood twitches somebody\'s eye in a particular spot depending on the person",3,101,long_16w
14453,achí yə əshí\'nə,"good sign, happening when blood twitches somebody\'s eye in a particular spot depending on the person",3,101,long_16w
14609,achí yə əshí\'nə,"good sign, happening when blood twitches somebody\'s eye in a particular spot depending on the person",3,101,long_16w
14776,achí yə əshí\'nə,"good sign, happening when blood twitches somebody\'s eye in a particular spot depending on the person",3,101,long_16w
14923,achí yə əshí\'nə,"good sign, happening when blood twitches somebody\'s eye in a particular spot depending on the person",3,101,long_16w
15103,achí yə əshí\'nə,"good sign, happening when blood twitches somebody\'s eye in a particular spot depending on the person",3,101,long_16w
15314,achí yə əshí\'nə,"good sign, happening when blood twitches somebody\'s eye in a particular spot depending on the person",3,101,long_16w
15563,achí yə əshí\'nə,"good sign, happening when blood twitches somebody\'s eye in a particular spot depending on the person",3,101,long_16w
15836,achí yə əshí\'nə,"good sign, happening when blood twitches somebody\'s eye in a particular spot depending on the person",3,101,long_16w
16121,achí yə əshí\'nə,"good sign, happening when blood twitches somebody\'s eye in a particular spot depending on the person",3,101,long_16w
16414,achí yə əshí\'nə,"good sign, happening when blood twitches somebody\'s eye in a particular spot depending on the person",3,101,long_16w
16707,achí yə əshí\'nə,"good sign, happening when blood twitches somebody\'s eye in a particular spot depending on the person",3,101,long_16w
17012,achí yə əshí\'nə,"good sign, happening when blood twitches somebody\'s eye in a particular spot depending on the person",3,101,long_16w
17342,achí yə əshí\'nə,"good sign, happening when blood twitches somebody\'s eye in a particular spot depending on the person",3,101,long_16w
17674,achí yə əshí\'nə,"good sign, happening when blood twitches somebody\'s eye in a particular spot depending on the person",3,101,long_16w
18011,achí yə əshí\'nə,"good sign, happening when blood twitches somebody\'s eye in a particular spot depending on the person",3,101,long_16w
18361,achí yə əshí\'nə,"good sign, happening when blood twitches somebody\'s eye in a particular spot depending on the person",3,101,long_16w
18714,achí yə əshí\'nə,"good sign, happening when blood twitches somebody\'s eye in a particular spot depending on the person",3,101,long_16w
19085,achí yə əshí\'nə,"good sign, happening when blood twitches somebody\'s eye in a particular spot depending on the person",3,101,long_16w
19457,achí yə əshí\'nə,"good sign, happening when blood twitches somebody\'s eye in a particular spot depending on the person",3,101,long_16w
19839,achí yə əshí\'nə,"good sign, happening when blood twitches somebody\'s eye in a particular spot depending on the person",3,101,long_16w
20218,achí yə əshí\'nə,"good sign, happening when blood twitches somebody\'s eye in a particular spot depending on the person",3,101,long_16w
20623,achí yə əshí\'nə,"good sign, happening when blood twitches somebody\'s eye in a particular spot depending on the person",3,101,long_16w
21063,achí yə əshí\'nə,"good sign, happening when blood twitches somebody\'s eye in a particular spot depending on the person",3,101,long_16w
21534,achí yə əshí\'nə,"good sign, happening when blood twitches somebody\'s eye in a particular spot depending on the person",3,101,long_16w
21979,achí yə əshí\'nə,"good sign, happening when blood twitches somebody\'s eye in a particular spot depending on the person",3,101,long_16w
22432,achí yə əshí\'nə,"good sign, happening when blood twitches somebody\'s eye in a particular spot depending on the person",3,101,long_16w
22910,achí yə əshí\'nə,"good sign, happening when blood twitches somebody\'s eye in a particular spot depending on the person",3,101,long_16w
23348,achí yə əshí\'nə,"good sign, happening when blood twitches somebody\'s eye in a particular spot depending on the person",3,101,long_16w
23837,achí yə əshí\'nə,"good sign, happening when blood twitches somebody\'s eye in a particular spot depending on the person",3,101,long_16w
3204,tê ndê,"leave the house very early in the mourning hours, especially at mourning twilight (colloquial usage)",3,100,long_15w
4454,sóoŋ,"sound (word) produced to describe the intensity with which somebody is listening, hearing or looking",3,100,long_15w
4627,mbənə,"a word used at the beginning of an expression (phrase, sentence, etc) to mark surprise (exclamation)",3,100,long_16w
13903,mbena,"a word used at the beginning of an expression (phrase, sentence, etc) to mark surprise (exclamation)",3,100,long_16w
5501,kwáŋə̂,"clean, of the furrows of a farm bed thoroughly (also done with the purpose of enlarging the beds)",3,97,long_18w
15693,atogə̌,A certain substance in a witch\'s stomach that influences him/her to kill in order to gratify it,3,96,long_17w
15946,atogə̌,A certain substance in a witch\'s stomach that influences him/her to kill in order to gratify it,3,96,long_17w
16231,atogə̌,A certain substance in a witch\'s stomach that influences him/her to kill in order to gratify it,3,96,long_17w
16524,atogə̌,A certain substance in a witch\'s stomach that influences him/her to kill in order to gratify it,3,96,long_17w
16817,atogə̌,A certain substance in a witch\'s stomach that influences him/her to kill in order to gratify it,3,96,long_17w
17122,atogə̌,A certain substance in a witch\'s stomach that influences him/her to kill in order to gratify it,3,96,long_17w
17452,atogə̌,A certain substance in a witch\'s stomach that influences him/her to kill in order to gratify it,3,96,long_17w
17784,atogə̌,A certain substance in a witch\'s stomach that influences him/her to kill in order to gratify it,3,96,long_17w
18121,atogə̌,A certain substance in a witch\'s stomach that influences him/her to kill in order to gratify it,3,96,long_17w
18471,atogə̌,A certain substance in a witch\'s stomach that influences him/her to kill in order to gratify it,3,96,long_17w
18852,atogə̌,A certain substance in a witch\'s stomach that influences him/her to kill in order to gratify it,3,96,long_17w
19209,atogə̌,A certain substance in a witch\'s stomach that influences him/her to kill in order to gratify it,3,96,long_17w
19571,atogə̌,A certain substance in a witch\'s stomach that influences him/her to kill in order to gratify it,3,96,long_17w
19953,atogə̌,A certain substance in a witch\'s stomach that influences him/her to kill in order to gratify it,3,96,long_17w
20332,atogə̌,A certain substance in a witch\'s stomach that influences him/her to kill in order to gratify it,3,96,long_17w
20802,atogə̌,A certain substance in a witch\'s stomach that influences him/her to kill in order to gratify it,3,96,long_17w
3170,sóokə,"pass something through, especially into a narrow place or into a place difficult to be accessed",3,95,long_16w
4490,tsô,sound (word) that describes the fastness in which one or many things disappear into the unknown,3,95,long_16w
4599,atogá,A certain substance in a witch's stomach that influences him/her to kill in order to gratify it,3,95,long_17w
2315,anəələmóonə,"child dedication, usually takes place in church a few months (two to three months) after birth",3,94,long_16w
4441,səmtwá\',sound (word) that describes how two things bump on each other or two people meet unexpectedly,3,93,long_16w
3369,apáŋə,an open bamboo cupboard attached to the wall of the house used for putting kitchen utensils,3,91,long_16w
5377,gómə,"gum, clue, something especially of liquid which is used to clue two or more things together",3,91,long_16w
5517,kwíŋə,"1) grow up (mentally and physically), especially of human beings and to some extent animals",3,91,long_15w
21163,apanə̌,an open bamboo cupboard attached to the wall of the house used for putting kitchen utensils,3,91,long_16w
3980,fəŋ,sound (word) reinforcing an act of acceptance that is done without any thought or interest,3,90,long_15w
14490,chí ta zɔ́\' ndzɔ́\'ə,An Awing man can never go without drinking palm wine because it is abundant in the village,3,90,long_17w
14646,chí ta zɔ́\' ndzɔ́\'ə,An Awing man can never go without drinking palm wine because it is abundant in the village,3,90,long_17w
14694,kɔ́omə̌,"scratch an itching part of the body, scratch the surface of a wall to remove paint or dirt",3,90,long_18w
14813,chí ta zɔ́\' ndzɔ́\'ə,An Awing man can never go without drinking palm wine because it is abundant in the village,3,90,long_17w
14993,chí ta zɔ́\' ndzɔ́\'ə,An Awing man can never go without drinking palm wine because it is abundant in the village,3,90,long_17w
15204,chí ta zɔ́\' ndzɔ́\'ə,An Awing man can never go without drinking palm wine because it is abundant in the village,3,90,long_17w
15453,chí ta zɔ́\' ndzɔ́\'ə,An Awing man can never go without drinking palm wine because it is abundant in the village,3,90,long_17w
15726,chí ta zɔ́\' ndzɔ́\'ə,An Awing man can never go without drinking palm wine because it is abundant in the village,3,90,long_17w
15978,chí ta zɔ́\' ndzɔ́\'ə,An Awing man can never go without drinking palm wine because it is abundant in the village,3,90,long_17w
16252,chí ta zɔ́\' ndzɔ́\'ə,An Awing man can never go without drinking palm wine because it is abundant in the village,3,90,long_17w
16545,chí ta zɔ́\' ndzɔ́\'ə,An Awing man can never go without drinking palm wine because it is abundant in the village,3,90,long_17w
16838,chí ta zɔ́\' ndzɔ́\'ə,An Awing man can never go without drinking palm wine because it is abundant in the village,3,90,long_17w
17143,chí ta zɔ́\' ndzɔ́\'ə,An Awing man can never go without drinking palm wine because it is abundant in the village,3,90,long_17w
17473,chí ta zɔ́\' ndzɔ́\'ə,An Awing man can never go without drinking palm wine because it is abundant in the village,3,90,long_17w
17805,chí ta zɔ́\' ndzɔ́\'ə,An Awing man can never go without drinking palm wine because it is abundant in the village,3,90,long_17w
18142,chí ta zɔ́\' ndzɔ́\'ə,An Awing man can never go without drinking palm wine because it is abundant in the village,3,90,long_17w
18492,chí ta zɔ́\' ndzɔ́\'ə,An Awing man can never go without drinking palm wine because it is abundant in the village,3,90,long_17w
18873,chí ta zɔ́\' ndzɔ́\'ə,An Awing man can never go without drinking palm wine because it is abundant in the village,3,90,long_17w
19230,chí ta zɔ́\' ndzɔ́\'ə,An Awing man can never go without drinking palm wine because it is abundant in the village,3,90,long_17w
19592,chí ta zɔ́\' ndzɔ́\'ə,An Awing man can never go without drinking palm wine because it is abundant in the village,3,90,long_17w
19974,chí ta zɔ́\' ndzɔ́\'ə,An Awing man can never go without drinking palm wine because it is abundant in the village,3,90,long_17w
20353,chí ta zɔ́\' ndzɔ́\'ə,An Awing man can never go without drinking palm wine because it is abundant in the village,3,90,long_17w
20823,chí ta zɔ́\' ndzɔ́\'ə,An Awing man can never go without drinking palm wine because it is abundant in the village,3,90,long_17w
13987,achíə,behavioural patterns or anything that is common to a particular family or group of people,3,89,long_15w
2502,chúbə,"remove something in a very fast way, usually from danger or by means of forceful seizure",3,88,long_16w
2556,nchwîa,the fourth day of the week; day of rest and also for carrying out traditional ceremonies,3,88,long_16w
4148,nchílə,"Women dance group in Njom, no longer active, but still have their drums and other things",3,88,long_16w
4497,wâg,sound (word) that describes the sound of something being opened or torn with brute force,3,88,long_15w
5479,kó\'nə,"Climbing, scramble of many things; Scramble around something or somebody, eg of children",3,88,long_13w
2317,asoŋə,mystical power used by one to enrich himself by dragging away another person\'s wealth,3,86,long_14w
3284,weŋkô,"smile a lot, smile frequently especially without descriminating with whom this is done",3,86,long_13w
4317,ni\'ə́,"a sort of pointed weed, usually pierces into the feet of farmers when they are weeding",3,86,long_16w
13939,faŋ,sound (word) reinforcing an act of acceptance that is done without thought or interest,3,86,long_14w
14276,ní\'ə,"a sort of pointed weed, usually pierces into the feet of farmers when they are weeding",3,86,long_16w
14396,ní\'ə,"a sort of pointed weed, usually pierces into the feet of farmers when they are weeding",3,86,long_16w
14578,ní\'ə,"a sort of pointed weed, usually pierces into the feet of farmers when they are weeding",3,86,long_16w
14750,ní\'ə,"a sort of pointed weed, usually pierces into the feet of farmers when they are weeding",3,86,long_16w
14897,ní\'ə,"a sort of pointed weed, usually pierces into the feet of farmers when they are weeding",3,86,long_16w
15077,ní\'ə,"a sort of pointed weed, usually pierces into the feet of farmers when they are weeding",3,86,long_16w
15288,ní\'ə,"a sort of pointed weed, usually pierces into the feet of farmers when they are weeding",3,86,long_16w
15537,ní\'ə,"a sort of pointed weed, usually pierces into the feet of farmers when they are weeding",3,86,long_16w
15681,asaŋə,mystical power used by one to enrich himself by dragging away another person\'s wealth,3,86,long_14w
15810,ní\'ə,"a sort of pointed weed, usually pierces into the feet of farmers when they are weeding",3,86,long_16w
15941,asaŋə,mystical power used by one to enrich himself by dragging away another person\'s wealth,3,86,long_14w
16095,ní\'ə,"a sort of pointed weed, usually pierces into the feet of farmers when they are weeding",3,86,long_16w
16226,asaŋə,mystical power used by one to enrich himself by dragging away another person\'s wealth,3,86,long_14w
16388,ní\'ə,"a sort of pointed weed, usually pierces into the feet of farmers when they are weeding",3,86,long_16w
16519,asaŋə,mystical power used by one to enrich himself by dragging away another person\'s wealth,3,86,long_14w
16681,ní\'ə,"a sort of pointed weed, usually pierces into the feet of farmers when they are weeding",3,86,long_16w
16812,asaŋə,mystical power used by one to enrich himself by dragging away another person\'s wealth,3,86,long_14w
16986,ní\'ə,"a sort of pointed weed, usually pierces into the feet of farmers when they are weeding",3,86,long_16w
17117,asaŋə,mystical power used by one to enrich himself by dragging away another person\'s wealth,3,86,long_14w
17316,ní\'ə,"a sort of pointed weed, usually pierces into the feet of farmers when they are weeding",3,86,long_16w
17447,asaŋə,mystical power used by one to enrich himself by dragging away another person\'s wealth,3,86,long_14w
17648,ní\'ə,"a sort of pointed weed, usually pierces into the feet of farmers when they are weeding",3,86,long_16w
17779,asaŋə,mystical power used by one to enrich himself by dragging away another person\'s wealth,3,86,long_14w
17971,ní\'ə,"a sort of pointed weed, usually pierces into the feet of farmers when they are weeding",3,86,long_16w
18116,asaŋə,mystical power used by one to enrich himself by dragging away another person\'s wealth,3,86,long_14w
18298,ní\'ə,"a sort of pointed weed, usually pierces into the feet of farmers when they are weeding",3,86,long_16w
18466,asaŋə,mystical power used by one to enrich himself by dragging away another person\'s wealth,3,86,long_14w
18648,ní\'ə,"a sort of pointed weed, usually pierces into the feet of farmers when they are weeding",3,86,long_16w
18701,weŋkə̌,"smile a lot, smile frequently especially without descriminating with whom this is done",3,86,long_13w
18847,asaŋə,mystical power used by one to enrich himself by dragging away another person\'s wealth,3,86,long_14w
19029,ní\'ə,"a sort of pointed weed, usually pierces into the feet of farmers when they are weeding",3,86,long_16w
19191,asaŋə,mystical power used by one to enrich himself by dragging away another person\'s wealth,3,86,long_14w
19401,ní\'ə,"a sort of pointed weed, usually pierces into the feet of farmers when they are weeding",3,86,long_16w
19563,asaŋə,mystical power used by one to enrich himself by dragging away another person\'s wealth,3,86,long_14w
19783,ní\'ə,"a sort of pointed weed, usually pierces into the feet of farmers when they are weeding",3,86,long_16w
19945,asaŋə,mystical power used by one to enrich himself by dragging away another person\'s wealth,3,86,long_14w
20162,ní\'ə,"a sort of pointed weed, usually pierces into the feet of farmers when they are weeding",3,86,long_16w
20324,asaŋə,mystical power used by one to enrich himself by dragging away another person\'s wealth,3,86,long_14w
20567,ní\'ə,"a sort of pointed weed, usually pierces into the feet of farmers when they are weeding",3,86,long_16w
20794,asaŋə,mystical power used by one to enrich himself by dragging away another person\'s wealth,3,86,long_14w
21007,ní\'ə,"a sort of pointed weed, usually pierces into the feet of farmers when they are weeding",3,86,long_16w
21190,asaŋə,mystical power used by one to enrich himself by dragging away another person\'s wealth,3,86,long_14w
21478,ní\'ə,"a sort of pointed weed, usually pierces into the feet of farmers when they are weeding",3,86,long_16w
21655,asaŋə,mystical power used by one to enrich himself by dragging away another person\'s wealth,3,86,long_14w
21923,ní\'ə,"a sort of pointed weed, usually pierces into the feet of farmers when they are weeding",3,86,long_16w
22100,asaŋə,mystical power used by one to enrich himself by dragging away another person\'s wealth,3,86,long_14w
22376,ní\'ə,"a sort of pointed weed, usually pierces into the feet of farmers when they are weeding",3,86,long_16w
22553,asaŋə,mystical power used by one to enrich himself by dragging away another person\'s wealth,3,86,long_14w
22854,ní\'ə,"a sort of pointed weed, usually pierces into the feet of farmers when they are weeding",3,86,long_16w
23031,asaŋə,mystical power used by one to enrich himself by dragging away another person\'s wealth,3,86,long_14w
23469,asaŋə,mystical power used by one to enrich himself by dragging away another person\'s wealth,3,86,long_14w
23958,asaŋə,mystical power used by one to enrich himself by dragging away another person\'s wealth,3,86,long_14w
24462,asaŋə,mystical power used by one to enrich himself by dragging away another person\'s wealth,3,86,long_14w
24934,asaŋə,mystical power used by one to enrich himself by dragging away another person\'s wealth,3,86,long_14w
25376,asaŋə,mystical power used by one to enrich himself by dragging away another person\'s wealth,3,86,long_14w
25827,asaŋə,mystical power used by one to enrich himself by dragging away another person\'s wealth,3,86,long_14w
26321,asaŋə,mystical power used by one to enrich himself by dragging away another person\'s wealth,3,86,long_14w
26817,asaŋə,mystical power used by one to enrich himself by dragging away another person\'s wealth,3,86,long_14w
27317,asaŋə,mystical power used by one to enrich himself by dragging away another person\'s wealth,3,86,long_14w
27320,atála,a courtyard in the palace where the fon sits with his subjects to deliberate on issues,3,86,long_16w
27452,fí\'ə,measure of (distance or height); one never measures his height with that of his father,3,86,long_15w
2570,nkəŋə,"Traditional peace plant, planted in places of worship and used in ceremonies of peace",3,85,long_14w
4033,kwaŋ kákáŋə̂,"hesitate (when an evil doer hesitates in his plans, it demonstrates the voice of God)",3,85,long_15w
15975,bûm,"sound that intensifies the sound of a traditionally made gun, or of something falling",3,85,long_14w
20539,nəfeŋə̌,inhygienic behaviour that is exagerated eg cooking and eating with excrement lying by,3,85,long_13w
3833,bûm,"word that intensifies the sound of a traditionally made gun, or of something falling",3,84,long_14w
4894,nəfèŋə,inhygenic behaviour that is exagerated eg cooking and eating with excrement lying in,3,84,long_13w
5085,alóŋə,dress of the same pattern used to identify people of the same group eg a dance group,3,84,long_17w
5567,lə,A word that is used to indicate that one is referring to one thing and not the other,3,84,long_18w
5643,ndě,"elder, a senior; affix before the names of elderly people beforeuse by their juniors",3,84,long_14w
13942,fi\'ə,"try, attempt (used as a warning not to try a dangerous thing or test sb\'s patience)",3,84,long_16w
14036,fi\'ə,"try, attempt (used as a warning not to try a dangerous thing or test sb\'s patience)",3,84,long_16w
14105,fi\'ə,"try, attempt (used as a warning not to try a dangerous thing or test sb\'s patience)",3,84,long_16w
14230,fi\'ə,"try, attempt (used as a warning not to try a dangerous thing or test sb\'s patience)",3,84,long_16w
14340,fi\'ə,"try, attempt (used as a warning not to try a dangerous thing or test sb\'s patience)",3,84,long_16w
14510,fi\'ə,"try, attempt (used as a warning not to try a dangerous thing or test sb\'s patience)",3,84,long_16w
14679,fi\'ə,"try, attempt (used as a warning not to try a dangerous thing or test sb\'s patience)",3,84,long_16w
14835,fi\'ə,"try, attempt (used as a warning not to try a dangerous thing or test sb\'s patience)",3,84,long_16w
15015,fi\'ə,"try, attempt (used as a warning not to try a dangerous thing or test sb\'s patience)",3,84,long_16w
15226,fi\'ə,"try, attempt (used as a warning not to try a dangerous thing or test sb\'s patience)",3,84,long_16w
15475,fi\'ə,"try, attempt (used as a warning not to try a dangerous thing or test sb\'s patience)",3,84,long_16w
15748,fi\'ə,"try, attempt (used as a warning not to try a dangerous thing or test sb\'s patience)",3,84,long_16w
16033,fi\'ə,"try, attempt (used as a warning not to try a dangerous thing or test sb\'s patience)",3,84,long_16w
16326,fi\'ə,"try, attempt (used as a warning not to try a dangerous thing or test sb\'s patience)",3,84,long_16w
16609,fi\'ə,"try, attempt (used as a warning not to try a dangerous thing or test sb\'s patience)",3,84,long_16w
16894,fi\'ə,"try, attempt (used as a warning not to try a dangerous thing or test sb\'s patience)",3,84,long_16w
17199,fi\'ə,"try, attempt (used as a warning not to try a dangerous thing or test sb\'s patience)",3,84,long_16w
17529,fi\'ə,"try, attempt (used as a warning not to try a dangerous thing or test sb\'s patience)",3,84,long_16w
17861,fi\'ə,"try, attempt (used as a warning not to try a dangerous thing or test sb\'s patience)",3,84,long_16w
18198,fi\'ə,"try, attempt (used as a warning not to try a dangerous thing or test sb\'s patience)",3,84,long_16w
18548,fi\'ə,"try, attempt (used as a warning not to try a dangerous thing or test sb\'s patience)",3,84,long_16w
18929,fi\'ə,"try, attempt (used as a warning not to try a dangerous thing or test sb\'s patience)",3,84,long_16w
19301,fi\'ə,"try, attempt (used as a warning not to try a dangerous thing or test sb\'s patience)",3,84,long_16w
19654,fi\'ə,"try, attempt (used as a warning not to try a dangerous thing or test sb\'s patience)",3,84,long_16w
20036,fi\'ə,"try, attempt (used as a warning not to try a dangerous thing or test sb\'s patience)",3,84,long_16w
20415,fi\'ə,"try, attempt (used as a warning not to try a dangerous thing or test sb\'s patience)",3,84,long_16w
20885,fi\'ə,"try, attempt (used as a warning not to try a dangerous thing or test sb\'s patience)",3,84,long_16w
21356,fi\'ə,"try, attempt (used as a warning not to try a dangerous thing or test sb\'s patience)",3,84,long_16w
5685,ndzəmə,rich and powerful relations (are said to come to one\'s aid in times of difficulty),3,83,long_15w
27745,yagə,scare away shouting eg of animals or birds in a farm; yell out curses eg to a thief,3,83,long_18w
2320,atúmnə,the habit of giving too many assignments or laying too much burden on other people,3,82,long_15w
6077,yéeka,"scare away something annoying by dint of shouting, eg destructive birds in a field",3,82,long_14w
22247,kə́ərə,"an itching part of the body, scratch the surface of a wall to remove paint or dirt",3,82,long_17w
2952,kwáakə,"cackle (as of fowls), especially when a fowl lays an egg or when it senses danger",3,81,long_16w
5263,əfó\'ə,"deep valley, often containing many trees, a palm bush and mostly a flowing stream",3,81,long_14w
5435,kəmə̂,"celebrate a death, during which there is gun firing, eating, drinking and dancing",3,81,long_13w
5663,ndo,"deep valley, often containing many trees, a palm bush and mostly a flowing stream",3,81,long_14w
14929,á,"preposition \'to\', meaning \'in the direction of\' or fitting or being a part of",3,81,long_14w
15109,á,"preposition \'to\', meaning \'in the direction of\' or fitting or being a part of",3,81,long_14w
15320,á,"preposition \'to\', meaning \'in the direction of\' or fitting or being a part of",3,81,long_14w
15569,á,"preposition \'to\', meaning \'in the direction of\' or fitting or being a part of",3,81,long_14w
15842,á,"preposition \'to\', meaning \'in the direction of\' or fitting or being a part of",3,81,long_14w
16127,á,"preposition \'to\', meaning \'in the direction of\' or fitting or being a part of",3,81,long_14w
16420,á,"preposition \'to\', meaning \'in the direction of\' or fitting or being a part of",3,81,long_14w
16713,á,"preposition \'to\', meaning \'in the direction of\' or fitting or being a part of",3,81,long_14w
17018,á,"preposition \'to\', meaning \'in the direction of\' or fitting or being a part of",3,81,long_14w
17348,á,"preposition \'to\', meaning \'in the direction of\' or fitting or being a part of",3,81,long_14w
17680,á,"preposition \'to\', meaning \'in the direction of\' or fitting or being a part of",3,81,long_14w
18017,á,"preposition \'to\', meaning \'in the direction of\' or fitting or being a part of",3,81,long_14w
18367,á,"preposition \'to\', meaning \'in the direction of\' or fitting or being a part of",3,81,long_14w
18720,á,"preposition \'to\', meaning \'in the direction of\' or fitting or being a part of",3,81,long_14w
19091,á,"preposition \'to\', meaning \'in the direction of\' or fitting or being a part of",3,81,long_14w
19463,á,"preposition \'to\', meaning \'in the direction of\' or fitting or being a part of",3,81,long_14w
19845,á,"preposition \'to\', meaning \'in the direction of\' or fitting or being a part of",3,81,long_14w
20224,á,"preposition \'to\', meaning \'in the direction of\' or fitting or being a part of",3,81,long_14w
20629,á,"preposition \'to\', meaning \'in the direction of\' or fitting or being a part of",3,81,long_14w
21069,á,"preposition \'to\', meaning \'in the direction of\' or fitting or being a part of",3,81,long_14w
21540,á,"preposition \'to\', meaning \'in the direction of\' or fitting or being a part of",3,81,long_14w
21985,á,"preposition \'to\', meaning \'in the direction of\' or fitting or being a part of",3,81,long_14w
22438,á,"preposition \'to\', meaning \'in the direction of\' or fitting or being a part of",3,81,long_14w
22916,á,"preposition \'to\', meaning \'in the direction of\' or fitting or being a part of",3,81,long_14w
23354,á,"preposition \'to\', meaning \'in the direction of\' or fitting or being a part of",3,81,long_14w
23843,á,"preposition \'to\', meaning \'in the direction of\' or fitting or being a part of",3,81,long_14w
24340,á,"preposition \'to\', meaning \'in the direction of\' or fitting or being a part of",3,81,long_14w
24817,á,"preposition \'to\', meaning \'in the direction of\' or fitting or being a part of",3,81,long_14w
25261,á,"preposition \'to\', meaning \'in the direction of\' or fitting or being a part of",3,81,long_14w
25712,á,"preposition \'to\', meaning \'in the direction of\' or fitting or being a part of",3,81,long_14w
26206,á,"preposition \'to\', meaning \'in the direction of\' or fitting or being a part of",3,81,long_14w
26681,á,"preposition \'to\', meaning \'in the direction of\' or fitting or being a part of",3,81,long_14w
27192,á,"preposition \'to\', meaning \'in the direction of\' or fitting or being a part of",3,81,long_14w
27485,ghó\'kə,"respect, honour, praise; honour God on the first day of the week; worship, praise",3,81,long_14w
2539,mba\' mbaŋə,rain maker or somebody who makes rain not to fall with the use of magical powers,3,80,long_16w
2540,mba\'ə,rain maker or somebody who makes rain not to fall with the use of magical powers,3,80,long_16w
3822,bǎbtísə,"baptist, refering to a christian denomination and also to those who belong to it",3,80,long_14w
5505,kweekô,"Influence a person or an animal against another, eg a dog to attack one\'s enemy",3,80,long_15w
27447,fəmkə,drown(tr); in war people drown their enemies in water as a way of punishing them,3,80,long_15w
2519,óláəló,yes; any thing kept by a tree god remains the same until the owner comes for it,3,79,long_17w
2624,azó\'áŋwúná,A sort of yam attributed to men and usually harvested and kept in men\'s houses,3,79,long_15w
3734,atálə,a courtyard in the palace where the fon sits with his subjects to debate issues,3,79,long_15w
15388,akyaglə̌,"dirty marks on one\'s body or dresses caused by dirty water, sweat or cosmetics",3,79,long_14w
15634,akyaglə̌,"dirty marks on one\'s body or dresses caused by dirty water, sweat or cosmetics",3,79,long_14w
15907,akyaglə̌,"dirty marks on one\'s body or dresses caused by dirty water, sweat or cosmetics",3,79,long_14w
16192,akyaglə̌,"dirty marks on one\'s body or dresses caused by dirty water, sweat or cosmetics",3,79,long_14w
16485,akyaglə̌,"dirty marks on one\'s body or dresses caused by dirty water, sweat or cosmetics",3,79,long_14w
16778,akyaglə̌,"dirty marks on one\'s body or dresses caused by dirty water, sweat or cosmetics",3,79,long_14w
17083,akyaglə̌,"dirty marks on one\'s body or dresses caused by dirty water, sweat or cosmetics",3,79,long_14w
17413,akyaglə̌,"dirty marks on one\'s body or dresses caused by dirty water, sweat or cosmetics",3,79,long_14w
17745,akyaglə̌,"dirty marks on one\'s body or dresses caused by dirty water, sweat or cosmetics",3,79,long_14w
18082,akyaglə̌,"dirty marks on one\'s body or dresses caused by dirty water, sweat or cosmetics",3,79,long_14w
18432,akyaglə̌,"dirty marks on one\'s body or dresses caused by dirty water, sweat or cosmetics",3,79,long_14w
18796,akyaglə̌,"dirty marks on one\'s body or dresses caused by dirty water, sweat or cosmetics",3,79,long_14w
19156,akyaglə̌,"dirty marks on one\'s body or dresses caused by dirty water, sweat or cosmetics",3,79,long_14w
19528,akyaglə̌,"dirty marks on one\'s body or dresses caused by dirty water, sweat or cosmetics",3,79,long_14w
19910,akyaglə̌,"dirty marks on one\'s body or dresses caused by dirty water, sweat or cosmetics",3,79,long_14w
20289,akyaglə̌,"dirty marks on one\'s body or dresses caused by dirty water, sweat or cosmetics",3,79,long_14w
20729,akyaglə̌,"dirty marks on one\'s body or dresses caused by dirty water, sweat or cosmetics",3,79,long_14w
21138,akyaglə̌,"dirty marks on one\'s body or dresses caused by dirty water, sweat or cosmetics",3,79,long_14w
21609,akyaglə̌,"dirty marks on one\'s body or dresses caused by dirty water, sweat or cosmetics",3,79,long_14w
22054,akyaglə̌,"dirty marks on one\'s body or dresses caused by dirty water, sweat or cosmetics",3,79,long_14w
22507,akyaglə̌,"dirty marks on one\'s body or dresses caused by dirty water, sweat or cosmetics",3,79,long_14w
22985,akyaglə̌,"dirty marks on one\'s body or dresses caused by dirty water, sweat or cosmetics",3,79,long_14w
23423,akyaglə̌,"dirty marks on one\'s body or dresses caused by dirty water, sweat or cosmetics",3,79,long_14w
23912,akyaglə̌,"dirty marks on one\'s body or dresses caused by dirty water, sweat or cosmetics",3,79,long_14w
24409,akyaglə̌,"dirty marks on one\'s body or dresses caused by dirty water, sweat or cosmetics",3,79,long_14w
24886,akyaglə̌,"dirty marks on one\'s body or dresses caused by dirty water, sweat or cosmetics",3,79,long_14w
25330,akyaglə̌,"dirty marks on one\'s body or dresses caused by dirty water, sweat or cosmetics",3,79,long_14w
25781,akyaglə̌,"dirty marks on one\'s body or dresses caused by dirty water, sweat or cosmetics",3,79,long_14w
26275,akyaglə̌,"dirty marks on one\'s body or dresses caused by dirty water, sweat or cosmetics",3,79,long_14w
26763,akyaglə̌,"dirty marks on one\'s body or dresses caused by dirty water, sweat or cosmetics",3,79,long_14w
27266,akyaglə̌,"dirty marks on one\'s body or dresses caused by dirty water, sweat or cosmetics",3,79,long_14w
27509,ká,act continuously; if one makes a mistake he keeps on trying until success comes,3,79,long_14w
2406,konə,"owl, a bird with deep eyes that cries in the night (associated with bad omens)",3,78,long_15w
2413,məlámchú\'ə́,sort of bee that produces a stench or smell; something that smells excessively,3,78,long_13w
3304,yénta,half-eat something (leaving teeth marks) eg as is usually done by a cat or rat,3,78,long_15w
4047,láglələglə,word that describes how a snake moves or how something else moves like a snake,3,78,long_15w
4621,kwum əfeemó,"punish by brutal killing, usually by driving a very big nail into the forehead",3,78,long_14w
22296,kwum afeemə,"punish by brutal killing, usually by driving a very big nail into the forehead",3,78,long_14w
27747,yéŋtə,half-eat something (leaving teeth marks) eg as is usually done by a cat or rat,3,78,long_15w
4597,atátəŋə,white fluid that flows from the vagina as a sign of labour (birth production),3,77,long_14w
5153,atúəkeenə,shoulder or any high point that a person is lifted to as an expression of joy,3,77,long_16w
14959,afúə nakoŋə̌,"A sort of wild grass that grows in the farm, it spreads around the storm area",3,77,long_16w
2236,cha\'âz,"of the eyes, bear a white substance especially early in the morning from bed",3,76,long_14w
2325,azəbtə,a special signal that is understood only by an in-house or a specific person,3,76,long_14w
2346,mbâkâ,"which people, people of where, people of what (a sort of phrasal expression)",3,76,long_13w
5427,káglə,Find something from the ground by trying the hands because one is not seeing,3,76,long_14w
16015,chwa\'nkə̌,"1) Grow lankily, of plants and people (tall, lacking in freshness and flesh)",3,76,long_13w
16269,chwa\'nkə̌,"1) Grow lankily, of plants and people (tall, lacking in freshness and flesh)",3,76,long_13w
16562,chwa\'nkə̌,"1) Grow lankily, of plants and people (tall, lacking in freshness and flesh)",3,76,long_13w
16855,chwa\'nkə̌,"1) Grow lankily, of plants and people (tall, lacking in freshness and flesh)",3,76,long_13w
16927,kəgə̌,Find something from the ground by trying the hands because one is not seeing,3,76,long_14w
17160,chwa\'nkə̌,"1) Grow lankily, of plants and people (tall, lacking in freshness and flesh)",3,76,long_13w
17490,chwa\'nkə̌,"1) Grow lankily, of plants and people (tall, lacking in freshness and flesh)",3,76,long_13w
17822,chwa\'nkə̌,"1) Grow lankily, of plants and people (tall, lacking in freshness and flesh)",3,76,long_13w
18159,chwa\'nkə̌,"1) Grow lankily, of plants and people (tall, lacking in freshness and flesh)",3,76,long_13w
18509,chwa\'nkə̌,"1) Grow lankily, of plants and people (tall, lacking in freshness and flesh)",3,76,long_13w
18890,chwa\'nkə̌,"1) Grow lankily, of plants and people (tall, lacking in freshness and flesh)",3,76,long_13w
19262,chwa\'nkə̌,"1) Grow lankily, of plants and people (tall, lacking in freshness and flesh)",3,76,long_13w
19615,chwa\'nkə̌,"1) Grow lankily, of plants and people (tall, lacking in freshness and flesh)",3,76,long_13w
19997,chwa\'nkə̌,"1) Grow lankily, of plants and people (tall, lacking in freshness and flesh)",3,76,long_13w
20376,chwa\'nkə̌,"1) Grow lankily, of plants and people (tall, lacking in freshness and flesh)",3,76,long_13w
20846,chwa\'nkə̌,"1) Grow lankily, of plants and people (tall, lacking in freshness and flesh)",3,76,long_13w
2486,atɨə awaglápanêmə,a boundary stick which its leaves are used for making a public announcement,3,75,long_13w
13856,chə̀\'lə̌,a sort of white substance from the eye that comes especially after sleeping,3,75,long_13w
13934,chə̀\'lə̌,a sort of white substance from the eye that comes especially after sleeping,3,75,long_13w
14032,chə̀\'lə̌,a sort of white substance from the eye that comes especially after sleeping,3,75,long_13w
14089,chə̀\'lə̌,a sort of white substance from the eye that comes especially after sleeping,3,75,long_13w
14219,atsa\'kə̌,"criticism, the act of diminishing the value of something, the act of making",3,75,long_13w
14222,chə̀\'lə̌,a sort of white substance from the eye that comes especially after sleeping,3,75,long_13w
14329,atsa\'kə̌,"criticism, the act of diminishing the value of something, the act of making",3,75,long_13w
14332,chə̀\'lə̌,a sort of white substance from the eye that comes especially after sleeping,3,75,long_13w
14485,atsa\'kə̌,"criticism, the act of diminishing the value of something, the act of making",3,75,long_13w
14488,chə̀\'lə̌,a sort of white substance from the eye that comes especially after sleeping,3,75,long_13w
14641,atsa\'kə̌,"criticism, the act of diminishing the value of something, the act of making",3,75,long_13w
14644,chə̀\'lə̌,a sort of white substance from the eye that comes especially after sleeping,3,75,long_13w
14808,atsa\'kə̌,"criticism, the act of diminishing the value of something, the act of making",3,75,long_13w
14811,chə̀\'lə̌,a sort of white substance from the eye that comes especially after sleeping,3,75,long_13w
14988,atsa\'kə̌,"criticism, the act of diminishing the value of something, the act of making",3,75,long_13w
14991,chə̀\'lə̌,a sort of white substance from the eye that comes especially after sleeping,3,75,long_13w
15199,atsa\'kə̌,"criticism, the act of diminishing the value of something, the act of making",3,75,long_13w
15202,chə̀\'lə̌,a sort of white substance from the eye that comes especially after sleeping,3,75,long_13w
15448,atsa\'kə̌,"criticism, the act of diminishing the value of something, the act of making",3,75,long_13w
15451,chə̀\'lə̌,a sort of white substance from the eye that comes especially after sleeping,3,75,long_13w
15703,atsa\'kə̌,"criticism, the act of diminishing the value of something, the act of making",3,75,long_13w
15724,chə̀\'lə̌,a sort of white substance from the eye that comes especially after sleeping,3,75,long_13w
15955,atsa\'kə̌,"criticism, the act of diminishing the value of something, the act of making",3,75,long_13w
15964,chə̀\'lə̌,a sort of white substance from the eye that comes especially after sleeping,3,75,long_13w
16240,atsa\'kə̌,"criticism, the act of diminishing the value of something, the act of making",3,75,long_13w
16249,chə̀\'lə̌,a sort of white substance from the eye that comes especially after sleeping,3,75,long_13w
16533,atsa\'kə̌,"criticism, the act of diminishing the value of something, the act of making",3,75,long_13w
16542,chə̀\'lə̌,a sort of white substance from the eye that comes especially after sleeping,3,75,long_13w
16826,atsa\'kə̌,"criticism, the act of diminishing the value of something, the act of making",3,75,long_13w
16835,chə̀\'lə̌,a sort of white substance from the eye that comes especially after sleeping,3,75,long_13w
17131,atsa\'kə̌,"criticism, the act of diminishing the value of something, the act of making",3,75,long_13w
17140,chə̀\'lə̌,a sort of white substance from the eye that comes especially after sleeping,3,75,long_13w
17461,atsa\'kə̌,"criticism, the act of diminishing the value of something, the act of making",3,75,long_13w
17470,chə̀\'lə̌,a sort of white substance from the eye that comes especially after sleeping,3,75,long_13w
17793,atsa\'kə̌,"criticism, the act of diminishing the value of something, the act of making",3,75,long_13w
17802,chə̀\'lə̌,a sort of white substance from the eye that comes especially after sleeping,3,75,long_13w
18130,atsa\'kə̌,"criticism, the act of diminishing the value of something, the act of making",3,75,long_13w
18139,chə̀\'lə̌,a sort of white substance from the eye that comes especially after sleeping,3,75,long_13w
18480,atsa\'kə̌,"criticism, the act of diminishing the value of something, the act of making",3,75,long_13w
18489,chə̀\'lə̌,a sort of white substance from the eye that comes especially after sleeping,3,75,long_13w
18861,atsa\'kə̌,"criticism, the act of diminishing the value of something, the act of making",3,75,long_13w
18870,chə̀\'lə̌,a sort of white substance from the eye that comes especially after sleeping,3,75,long_13w
19218,atsa\'kə̌,"criticism, the act of diminishing the value of something, the act of making",3,75,long_13w
19227,chə̀\'lə̌,a sort of white substance from the eye that comes especially after sleeping,3,75,long_13w
19580,atsa\'kə̌,"criticism, the act of diminishing the value of something, the act of making",3,75,long_13w
19589,chə̀\'lə̌,a sort of white substance from the eye that comes especially after sleeping,3,75,long_13w
19962,atsa\'kə̌,"criticism, the act of diminishing the value of something, the act of making",3,75,long_13w
19971,chə̀\'lə̌,a sort of white substance from the eye that comes especially after sleeping,3,75,long_13w
20341,atsa\'kə̌,"criticism, the act of diminishing the value of something, the act of making",3,75,long_13w
20350,chə̀\'lə̌,a sort of white substance from the eye that comes especially after sleeping,3,75,long_13w
20811,atsa\'kə̌,"criticism, the act of diminishing the value of something, the act of making",3,75,long_13w
20820,chə̀\'lə̌,a sort of white substance from the eye that comes especially after sleeping,3,75,long_13w
21199,atumnə,the habit of giving too many assignments or too much burden on other people,3,75,long_14w
2595,túmkə,make or help someone or something cross through a difficult place eg river,3,74,long_13w
6091,yílə,piece of wire put on the mouth of a pig to stop it from digging the ground,3,74,long_17w
13870,kyêntə,"cut off things attached to the main part, eg undesirable ends of vegetable",3,74,long_13w
27507,kédkə,burn in many places; he fell in fire and got seriously burnt on many spots,3,74,long_15w
2237,châ\'lə,A sort of white substance from the eye that comes out usually after sleep,3,73,long_14w
2688,chágə,"Of cocoyams, not get ready after it has been prepared (is usually watery)",3,73,long_13w
3413,kəlá\'ə,"marker of far past tense, used for events that take place many years back",3,73,long_14w
4952,pikə,"give birth, by many pregnant women or many children by one pregnant woman",3,73,long_13w
18348,píkə̌,"give birth, by many pregnant women of many children by one pregnant woman",3,73,long_13w
18767,akəkə̌,"a piece of metal that is softened with water and condiment, then strained",3,73,long_13w
2995,kyímtə,"Cut off things attached to the main part, especially using a sharp point",3,72,long_13w
3357,akyâglə,"dirty marks on body or clothes caused by dirty water, sweat or cosmetics",3,72,long_13w
3418,kóghá,a piece of rough iron used for sharpening metals eg matchetes and knifes,3,72,long_13w
6119,zo\'kə,"make less tight, eg of one\'s grip on sth or of a rope tied on something",3,72,long_16w
17236,kóghə̌,A piece of rough iron used for sharpening metals eg matchetes and knives,3,72,long_13w
21802,gəlumáŋə,a sort of coffee branch usually cut and thrown for soaking all the water,3,72,long_14w
2565,nətsóŋə,"knot tied of any fibre product or plant, even of hair; lock e.g of hair",3,71,long_15w
5601,mbɛ,word used at the end of an expression to give more force to one\'s idea,3,71,long_15w
13901,mbe,word used at the end of an expression to give more force to one\'s idea,3,71,long_15w
13938,fəmtafəmtə,word that describes the movement of somebody who is not seeing his path,3,71,long_13w
13960,mbe,word used at the end of an expression to give more force to one\'s idea,3,71,long_15w
14053,mbe,word used at the end of an expression to give more force to one\'s idea,3,71,long_15w
14137,mbe,word used at the end of an expression to give more force to one\'s idea,3,71,long_15w
14253,mbe,word used at the end of an expression to give more force to one\'s idea,3,71,long_15w
14378,mbe,word used at the end of an expression to give more force to one\'s idea,3,71,long_15w
14539,mbe,word used at the end of an expression to give more force to one\'s idea,3,71,long_15w
14722,mbe,word used at the end of an expression to give more force to one\'s idea,3,71,long_15w
14869,mbe,word used at the end of an expression to give more force to one\'s idea,3,71,long_15w
15049,mbe,word used at the end of an expression to give more force to one\'s idea,3,71,long_15w
15260,mbe,word used at the end of an expression to give more force to one\'s idea,3,71,long_15w
15509,mbe,word used at the end of an expression to give more force to one\'s idea,3,71,long_15w
15782,mbe,word used at the end of an expression to give more force to one\'s idea,3,71,long_15w
16067,mbe,word used at the end of an expression to give more force to one\'s idea,3,71,long_15w
16360,mbe,word used at the end of an expression to give more force to one\'s idea,3,71,long_15w
16653,mbe,word used at the end of an expression to give more force to one\'s idea,3,71,long_15w
16958,mbe,word used at the end of an expression to give more force to one\'s idea,3,71,long_15w
17288,mbe,word used at the end of an expression to give more force to one\'s idea,3,71,long_15w
17586,mbe,word used at the end of an expression to give more force to one\'s idea,3,71,long_15w
17918,mbe,word used at the end of an expression to give more force to one\'s idea,3,71,long_15w
18255,mbe,word used at the end of an expression to give more force to one\'s idea,3,71,long_15w
18605,mbe,word used at the end of an expression to give more force to one\'s idea,3,71,long_15w
18986,mbe,word used at the end of an expression to give more force to one\'s idea,3,71,long_15w
19358,mbe,word used at the end of an expression to give more force to one\'s idea,3,71,long_15w
19740,mbe,word used at the end of an expression to give more force to one\'s idea,3,71,long_15w
20119,mbe,word used at the end of an expression to give more force to one\'s idea,3,71,long_15w
20485,mbe,word used at the end of an expression to give more force to one\'s idea,3,71,long_15w
20955,mbe,word used at the end of an expression to give more force to one\'s idea,3,71,long_15w
21426,mbe,word used at the end of an expression to give more force to one\'s idea,3,71,long_15w
21871,mbe,word used at the end of an expression to give more force to one\'s idea,3,71,long_15w
22324,mbe,word used at the end of an expression to give more force to one\'s idea,3,71,long_15w
2432,nəwelá,"a sort of small bird, known to be very unstable and as jumpy as a flee",3,70,long_16w
17964,nawelə̌,"A sort of small bird, known to be very unstable and as jumpy as a fool",3,70,long_16w
19691,ji ɔkɔmə̌,"be crowned, take the title of a noble through a ceremony in the palace",3,70,long_14w
27476,ghenkə ndelə,wind time; some students consider a university as a place to wind time,3,70,long_13w
2636,ká\'ó,"a piece of plank for cutting meat, also hard surface used by butchers",3,69,long_13w
14116,kə̌\'a,"a piece of plank for cutting meat, also hard surface used by butchers",3,69,long_13w
14238,kə̌\'a,"a piece of plank for cutting meat, also hard surface used by butchers",3,69,long_13w
14363,kə̌\'a,"a piece of plank for cutting meat, also hard surface used by butchers",3,69,long_13w
14524,kə̌\'a,"a piece of plank for cutting meat, also hard surface used by butchers",3,69,long_13w
14693,kə̌\'a,"a piece of plank for cutting meat, also hard surface used by butchers",3,69,long_13w
14849,kə̌\'a,"a piece of plank for cutting meat, also hard surface used by butchers",3,69,long_13w
15029,kə̌\'a,"a piece of plank for cutting meat, also hard surface used by butchers",3,69,long_13w
15240,kə̌\'a,"a piece of plank for cutting meat, also hard surface used by butchers",3,69,long_13w
15489,kə̌\'a,"a piece of plank for cutting meat, also hard surface used by butchers",3,69,long_13w
15762,kə̌\'a,"a piece of plank for cutting meat, also hard surface used by butchers",3,69,long_13w
16047,kə̌\'a,"a piece of plank for cutting meat, also hard surface used by butchers",3,69,long_13w
16340,kə̌\'a,"a piece of plank for cutting meat, also hard surface used by butchers",3,69,long_13w
16633,kə̌\'a,"a piece of plank for cutting meat, also hard surface used by butchers",3,69,long_13w
16925,kə̌\'a,"a piece of plank for cutting meat, also hard surface used by butchers",3,69,long_13w
17224,kə̌\'a,"a piece of plank for cutting meat, also hard surface used by butchers",3,69,long_13w
17554,kə̌\'a,"a piece of plank for cutting meat, also hard surface used by butchers",3,69,long_13w
17886,kə̌\'a,"a piece of plank for cutting meat, also hard surface used by butchers",3,69,long_13w
18223,kə̌\'a,"a piece of plank for cutting meat, also hard surface used by butchers",3,69,long_13w
18573,kə̌\'a,"a piece of plank for cutting meat, also hard surface used by butchers",3,69,long_13w
18954,kə̌\'a,"a piece of plank for cutting meat, also hard surface used by butchers",3,69,long_13w
19326,kə̌\'a,"a piece of plank for cutting meat, also hard surface used by butchers",3,69,long_13w
19708,kə̌\'a,"a piece of plank for cutting meat, also hard surface used by butchers",3,69,long_13w
20069,kə̌\'a,"a piece of plank for cutting meat, also hard surface used by butchers",3,69,long_13w
20448,kə̌\'a,"a piece of plank for cutting meat, also hard surface used by butchers",3,69,long_13w
20918,kə̌\'a,"a piece of plank for cutting meat, also hard surface used by butchers",3,69,long_13w
21389,kə̌\'a,"a piece of plank for cutting meat, also hard surface used by butchers",3,69,long_13w
21834,kə̌\'a,"a piece of plank for cutting meat, also hard surface used by butchers",3,69,long_13w
22721,mbé,word used at the end of an expression to give more force to ones idea,3,69,long_15w
27514,ká\'á,"a piece of plank for cutting meat, also hard surface used by butchers",3,69,long_13w
23815,túga akəŋnə,"be happy with each other, be joyful with each other, love each other",3,68,long_13w
2405,kó əshûə,fish in Awing lake (word that people should not fish in Awing lake),3,67,long_13w
4936,nkwuə,"a sort of okra, much more slippery, used for making sauce for garri",3,67,long_13w
18696,waglə̌,"hold loosely, of a tied rope round something eg round a cow\'s neck",3,67,long_13w
19074,waglə̌,"hold loosely, of a tied rope round something eg round a cow\'s neck",3,67,long_13w
19446,waglə̌,"hold loosely, of a tied rope round something eg round a cow\'s neck",3,67,long_13w
19828,waglə̌,"hold loosely, of a tied rope round something eg round a cow\'s neck",3,67,long_13w
20207,waglə̌,"hold loosely, of a tied rope round something eg round a cow\'s neck",3,67,long_13w
20612,waglə̌,"hold loosely, of a tied rope round something eg round a cow\'s neck",3,67,long_13w
21052,waglə̌,"hold loosely, of a tied rope round something eg round a cow\'s neck",3,67,long_13w
21523,waglə̌,"hold loosely, of a tied rope round something eg round a cow\'s neck",3,67,long_13w
21968,waglə̌,"hold loosely, of a tied rope round something eg round a cow\'s neck",3,67,long_13w
22421,waglə̌,"hold loosely, of a tied rope round something eg round a cow\'s neck",3,67,long_13w
22899,waglə̌,"hold loosely, of a tied rope round something eg round a cow\'s neck",3,67,long_13w
23337,waglə̌,"hold loosely, of a tied rope round something eg round a cow\'s neck",3,67,long_13w
23826,waglə̌,"hold loosely, of a tied rope round something eg round a cow\'s neck",3,67,long_13w
24320,waglə̌,"hold loosely, of a tied rope round something eg round a cow\'s neck",3,67,long_13w
24802,waglə̌,"hold loosely, of a tied rope round something eg round a cow\'s neck",3,67,long_13w
25246,waglə̌,"hold loosely, of a tied rope round something eg round a cow\'s neck",3,67,long_13w
25697,waglə̌,"hold loosely, of a tied rope round something eg round a cow\'s neck",3,67,long_13w
26191,waglə̌,"hold loosely, of a tied rope round something eg round a cow\'s neck",3,67,long_13w
26666,waglə̌,"hold loosely, of a tied rope round something eg round a cow\'s neck",3,67,long_13w
27177,waglə̌,"hold loosely, of a tied rope round something eg round a cow\'s neck",3,67,long_13w
27729,waglə̌,"hold loosely, of a tied rope round something eg round a cow\'s neck",3,67,long_13w
2301,waglə,hold loosely of a tied rope round something eg round a cow\'s neck,3,66,long_13w
2874,jî əkomó,"be crowned, take title of a noble through a ceremony in the palace",3,66,long_13w
2934,kóokə,shift blame (when a thief is caught he shifts the blame to hunger),3,66,long_13w
3044,máma,name used for old women; prefix used before the names of old women,3,66,long_13w
2925,kó əsóənə,be shy (it is not good for somebody to be too timid and do wrong),3,65,long_15w
3410,kə,marker of past tense for an event that took place a few days ago,3,64,long_14w
3438,nə,marker of past tense for an event that took place a few days ago,3,64,long_14w
27459,filə,blame; a lazy person always blames his tool for a job badly done,3,64,long_13w
2611,amú\'ámakálə,A kind of banana that is kept to ripe and is then eaten as food,3,63,long_15w
5181,azóŋə,Half horn of a cow used for drilling blood or pus from the body,3,63,long_14w
20759,amú\'smokálə̌,a kind of banana that is kept to ripe and is then eaten as food,3,63,long_15w
21157,amú\'smokálə̌,a kind of banana that is kept to ripe and is then eaten as food,3,63,long_15w
21628,amú\'smokálə̌,a kind of banana that is kept to ripe and is then eaten as food,3,63,long_15w
22073,amú\'smokálə̌,a kind of banana that is kept to ripe and is then eaten as food,3,63,long_15w
22526,amú\'smokálə̌,a kind of banana that is kept to ripe and is then eaten as food,3,63,long_15w
23004,amú\'smokálə̌,a kind of banana that is kept to ripe and is then eaten as food,3,63,long_15w
23442,amú\'smokálə̌,a kind of banana that is kept to ripe and is then eaten as food,3,63,long_15w
23931,amú\'smokálə̌,a kind of banana that is kept to ripe and is then eaten as food,3,63,long_15w
24428,amú\'smokálə̌,a kind of banana that is kept to ripe and is then eaten as food,3,63,long_15w
24905,amú\'smokálə̌,a kind of banana that is kept to ripe and is then eaten as food,3,63,long_15w
25349,amú\'smokálə̌,a kind of banana that is kept to ripe and is then eaten as food,3,63,long_15w
25800,amú\'smokálə̌,a kind of banana that is kept to ripe and is then eaten as food,3,63,long_15w
26294,amú\'smokálə̌,a kind of banana that is kept to ripe and is then eaten as food,3,63,long_15w
26786,amú\'smokálə̌,a kind of banana that is kept to ripe and is then eaten as food,3,63,long_15w
27287,amú\'smokálə̌,a kind of banana that is kept to ripe and is then eaten as food,3,63,long_15w
2537,kwedtâ,pour out a little of something on the ground or in a container,3,62,long_13w
2569,nkéebə,main market day in Awing; the seventh day of the week in Awing,3,62,long_13w
27651,nkéebə,main market day in Awing; the seventh day of the week in Awing,3,62,long_13w
5611,mbi\'ə,a sort of disease that causes pains at the level of the hips,3,60,long_13w
14545,mbí\'ə,a sort of disease that causes pains at the level of the hips,3,60,long_13w
14727,mbí\'ə,a sort of disease that causes pains at the level of the hips,3,60,long_13w
14874,mbí\'ə,a sort of disease that causes pains at the level of the hips,3,60,long_13w
15054,mbí\'ə,a sort of disease that causes pains at the level of the hips,3,60,long_13w
15265,mbí\'ə,a sort of disease that causes pains at the level of the hips,3,60,long_13w
15514,mbí\'ə,a sort of disease that causes pains at the level of the hips,3,60,long_13w
15787,mbí\'ə,a sort of disease that causes pains at the level of the hips,3,60,long_13w
16072,mbí\'ə,a sort of disease that causes pains at the level of the hips,3,60,long_13w
16365,mbí\'ə,a sort of disease that causes pains at the level of the hips,3,60,long_13w
16658,mbí\'ə,a sort of disease that causes pains at the level of the hips,3,60,long_13w
16963,mbí\'ə,a sort of disease that causes pains at the level of the hips,3,60,long_13w
17293,mbí\'ə,a sort of disease that causes pains at the level of the hips,3,60,long_13w
17591,mbí\'ə,a sort of disease that causes pains at the level of the hips,3,60,long_13w
17923,mbí\'ə,a sort of disease that causes pains at the level of the hips,3,60,long_13w
18260,mbí\'ə,a sort of disease that causes pains at the level of the hips,3,60,long_13w
18610,mbí\'ə,a sort of disease that causes pains at the level of the hips,3,60,long_13w
18991,mbí\'ə,a sort of disease that causes pains at the level of the hips,3,60,long_13w
19363,mbí\'ə,a sort of disease that causes pains at the level of the hips,3,60,long_13w
19745,mbí\'ə,a sort of disease that causes pains at the level of the hips,3,60,long_13w
20124,mbí\'ə,a sort of disease that causes pains at the level of the hips,3,60,long_13w
20490,mbí\'ə,a sort of disease that causes pains at the level of the hips,3,60,long_13w
20960,mbí\'ə,a sort of disease that causes pains at the level of the hips,3,60,long_13w
21431,mbí\'ə,a sort of disease that causes pains at the level of the hips,3,60,long_13w
21876,mbí\'ə,a sort of disease that causes pains at the level of the hips,3,60,long_13w
22329,mbí\'ə,a sort of disease that causes pains at the level of the hips,3,60,long_13w
22736,mbí\'ə,a sort of disease that causes pains at the level of the hips,3,60,long_13w
23190,mbí\'ə,a sort of disease that causes pains at the level of the hips,3,60,long_13w
23628,mbí\'ə,a sort of disease that causes pains at the level of the hips,3,60,long_13w
24117,mbí\'ə,a sort of disease that causes pains at the level of the hips,3,60,long_13w
24629,mbí\'ə,a sort of disease that causes pains at the level of the hips,3,60,long_13w
25104,mbí\'ə,a sort of disease that causes pains at the level of the hips,3,60,long_13w
25555,mbí\'ə,a sort of disease that causes pains at the level of the hips,3,60,long_13w
26023,mbí\'ə,a sort of disease that causes pains at the level of the hips,3,60,long_13w
26498,mbí\'ə,a sort of disease that causes pains at the level of the hips,3,60,long_13w
26994,mbí\'ə,a sort of disease that causes pains at the level of the hips,3,60,long_13w
27480,ghəənə,be stupid; if a man is foolish his child will also be stupid,3,60,long_13w
27565,mbí\'ə,a sort of disease that causes pains at the level of the hips,3,60,long_13w
3006,leŋkə,notice or put a mark on something so as to give it identity,3,59,long_13w
17277,leŋkə̌ ndelə̌,notice or put a mark on something so as to give it identity,3,59,long_13w
4754,azóŋə,Half horn of a cow used for drilling blood or pus from the,3,58,long_13w
14932,achaakə̌,an escort with a bride or a newly married to her new home,3,57,long_13w
14704,kə̌\'ə,"1) blow, of wind (in a sense the wind is said to rise)",3,54,long_13w
14853,kə̌\'ə,"1) blow, of wind (in a sense the wind is said to rise)",3,54,long_13w
15033,kə̌\'ə,"1) blow, of wind (in a sense the wind is said to rise)",3,54,long_13w
15244,kə̌\'ə,"1) blow, of wind (in a sense the wind is said to rise)",3,54,long_13w
15493,kə̌\'ə,"1) blow, of wind (in a sense the wind is said to rise)",3,54,long_13w
15766,kə̌\'ə,"1) blow, of wind (in a sense the wind is said to rise)",3,54,long_13w
16051,kə̌\'ə,"1) blow, of wind (in a sense the wind is said to rise)",3,54,long_13w
16344,kə̌\'ə,"1) blow, of wind (in a sense the wind is said to rise)",3,54,long_13w
16637,kə̌\'ə,"1) blow, of wind (in a sense the wind is said to rise)",3,54,long_13w
16942,kə̌\'ə,"1) blow, of wind (in a sense the wind is said to rise)",3,54,long_13w
17233,kə̌\'ə,"1) blow, of wind (in a sense the wind is said to rise)",3,54,long_13w
17563,kə̌\'ə,"1) blow, of wind (in a sense the wind is said to rise)",3,54,long_13w
17895,kə̌\'ə,"1) blow, of wind (in a sense the wind is said to rise)",3,54,long_13w
18232,kə̌\'ə,"1) blow, of wind (in a sense the wind is said to rise)",3,54,long_13w
18582,kə̌\'ə,"1) blow, of wind (in a sense the wind is said to rise)",3,54,long_13w
18963,kə̌\'ə,"1) blow, of wind (in a sense the wind is said to rise)",3,54,long_13w
19335,kə̌\'ə,"1) blow, of wind (in a sense the wind is said to rise)",3,54,long_13w
19717,kə̌\'ə,"1) blow, of wind (in a sense the wind is said to rise)",3,54,long_13w
20096,kə̌\'ə,"1) blow, of wind (in a sense the wind is said to rise)",3,54,long_13w
20462,kə̌\'ə,"1) blow, of wind (in a sense the wind is said to rise)",3,54,long_13w
20932,kə̌\'ə,"1) blow, of wind (in a sense the wind is said to rise)",3,54,long_13w
21403,kə̌\'ə,"1) blow, of wind (in a sense the wind is said to rise)",3,54,long_13w
21848,kə̌\'ə,"1) blow, of wind (in a sense the wind is said to rise)",3,54,long_13w
2723,chɨə á məm əwə́,(meaning missing),3,17,wrapped_paren_only
4008,kəmú\'ntəŋə,(meaning missing),3,17,wrapped_paren_only
4079,mé fia apô,(meaning missing),3,17,wrapped_paren_only
4082,méná,noun class marker,3,17,noun_class
4513,zén,noun class marker,3,17,noun_class
4982,yə,noun class marker,3,17,noun_class
6081,yə,noun class marker,3,17,noun_class
