awing,old_english,new_english,flags
chagâ,(colloquial) smash or step on something (tr),smash or step on something (tr),leading_dict_tag
chɨə á məm əwə́,(continued on next page),(meaning missing),"page_continuation,wrapped_paren_only"
kwê,(colloquial) tell a lie,tell a lie,leading_dict_tag
kyikâ,"(of babies) have the habit of refusing strangers; refuse, of many people",have the habit of refusing strangers,leading_dict_tag
kəmú\'ntəŋə,(entry continues to next page),(meaning missing),"page_continuation,wrapped_paren_only"
mé fia apô,(continues on next page),(meaning missing),"page_continuation,wrapped_paren_only"
mé ghagə́,(continuation) thumb,thumb,page_continuation
méná,noun class marker,noun class marker,noun_class
mo\'ə̂,(not given),not given,wrapped_paren_only
zén,noun class marker,noun class marker,noun_class
yə,noun class marker,noun class marker,noun_class
yə,noun class marker,noun class marker,noun_class
chagə,(colloquial) smash or step on something,smash or step on something,leading_dict_tag
fámə,(bepoor),bepoor,wrapped_paren_only
fəmə,(be)pour,pour,malformed_paren
